Top pages,Clicks,Impressions,CTR,Position
https://www.pakcalc.site/provident-fund,43,1206,3.57%,7.43
https://www.pakcalc.site/loan-emi,27,999,2.7%,15.05
https://www.pakcalc.site/mark-percentage,14,1925,0.73%,13.07
https://www.pakcalc.site/gratuity,8,528,1.52%,11.29
https://www.pakcalc.site/grade-calc,6,261,2.3%,10.38
https://www.pakcalc.site/profit-margin,3,617,0.49%,6.99
https://www.pakcalc.site/zakat,3,577,0.52%,19.58
https://www.pakcalc.site/cgpa-calc,3,113,2.65%,20.29
https://www.pakcalc.site/electricity-bill,3,91,3.3%,18.18
https://www.pakcalc.site/,3,45,6.67%,6.56
https://www.pakcalc.site/slabs,2,540,0.37%,22.53
https://www.pakcalc.site/retirement-plan,2,343,0.58%,10.69
https://www.pakcalc.site/real-estate-roi,2,109,1.83%,9.78
https://www.pakcalc.site/unit-converter,1,1511,0.07%,9.84
https://www.pakcalc.site/income-tax,1,256,0.39%,59.34
https://www.pakcalc.site/all-tools,1,21,4.76%,18.05
https://www.pakcalc.site/investment-return,0,260,0%,11.92
https://www.pakcalc.site/zakat-info,0,205,0%,23.89
https://www.pakcalc.site/bmi,0,169,0%,9.97
https://www.pakcalc.site/freelancer-tax,0,128,0%,13.88
https://www.pakcalc.site/privacy,0,23,0%,9.57
https://www.pakcalc.site/terms,0,22,0%,8.59
https://www.pakcalc.site/contact,0,22,0%,10.09
https://www.pakcalc.site/disclaimer,0,22,0%,12.73